{
    "00000": {
        "box": [
            285.6850830614567,
            104.35741319134831,
            366.77518197894096,
            209.72122310101986,
            0.9978491067886353
        ],
        "landms": [
            316.79437255859375,
            151.24533081054688,
            349.12762451171875,
            139.48130798339844,
            345.1387023925781,
            163.7605438232422,
            332.8732604980469,
            190.10569763183594,
            358.560546875,
            181.2237548828125
        ]
    }
}